Station,t_offset
H1,0
H2,-0.199999809265137
H3,1.94999814033508
H4,-1.8999981880188
