Station,t_offset
H1,0
H2,0
H3,0
H4,0
L1,0
L2,-1.94999814033508
L3,-1.94999814033508
L4,1.94999814033508
